,Sine,Line
0,0.0,0.0
1,0.0,10.0
2,0.0,10.003
3,0.12558103905862675,10.131581039058627
4,0.2506664671286085,10.259666467128609
5,0.37476262917144926,10.38676262917145
6,0.4973797743297096,10.51237977432971
7,0.6180339887498948,10.636033988749896
8,0.736249105369356,10.757249105369358
9,0.8515585831301453,10.875558583130145
10,0.9635073482034306,10.99050734820343
11,1.0716535899579933,11.101653589957992
12,1.1755705045849465,11.208570504584946
13,1.2748479794973797,11.31084797949738
14,1.3690942118573777,11.408094211857378
15,1.4579372548428233,11.499937254842823
16,1.541026485551579,11.586026485551578
17,1.6180339887498953,11.666033988749895
18,1.6886558510040308,11.73965585100403
19,1.7526133600877278,11.806613360087727
20,1.8096541049320394,11.86665410493204
21,1.8595529717765031,11.919552971776504
22,1.9021130325903075,11.965113032590308
23,1.9371663222572626,12.003166322257263
24,1.9645745014573777,12.033574501457379
25,1.984229402628956,12.056229402628954
26,1.9960534568565431,12.071053456856543
27,2.0,12.078
28,1.9960534568565431,12.077053456856543
29,1.9842294026289553,12.068229402628955
30,1.964574501457377,12.051574501457377
31,1.9371663222572617,12.027166322257262
32,1.9021130325903064,11.995113032590307
33,1.859552971776502,11.955552971776502
34,1.8096541049320378,11.908654104932038
35,1.7526133600877258,11.854613360087725
36,1.6886558510040288,11.79365585100403
37,1.6180339887498933,11.726033988749894
38,1.5410264855515767,11.652026485551577
39,1.457937254842821,11.571937254842823
40,1.3690942118573752,11.486094211857376
41,1.274847979497377,11.394847979497376
42,1.1755705045849436,11.298570504584942
43,1.0716535899579902,11.197653589957989
44,0.9635073482034273,11.092507348203426
45,0.8515585831301418,10.983558583130142
46,0.7362491053693522,10.871249105369351
47,0.6180339887498908,10.756033988749891
48,0.4973797743297053,10.638379774329705
49,0.37476262917144476,10.518762629171444
50,0.2506664671286047,10.397666467128605
51,0.12558103905862272,10.275581039058624
52,-4.195962738671156e-15,10.152999999999997
53,-0.1255810390586311,10.03041896094137
54,-0.250666467128613,9.908333532871387
55,-0.37476262917145386,9.787237370828548
56,-0.4973797743297143,9.667620225670287
57,-0.6180339887498997,9.549966011250099
58,-0.7362491053693608,9.434750894630639
59,-0.8515585831301502,9.32244141686985
60,-0.9635073482034354,9.213492651796564
61,-1.071653589957998,9.108346410042001
62,-1.1755705045849512,9.00742949541505
63,-1.2748479794973835,8.911152020502616
64,-1.3690942118573812,8.819905788142618
65,-1.4579372548428262,8.734062745157175
66,-1.541026485551582,8.653973514448419
67,-1.6180339887498978,8.579966011250102
68,-1.6886558510040335,8.512344148995966
69,-1.7526133600877298,8.45138663991227
70,-1.809654104932041,8.39734589506796
71,-1.859552971776505,8.350447028223495
72,-1.9021130325903086,8.310886967409692
73,-1.9371663222572637,8.278833677742735
74,-1.9645745014573783,8.254425498542622
75,-1.9842294026289564,8.237770597371043
76,-1.9960534568565436,8.228946543143456
77,-2.0,8.228
78,-1.9960534568565427,8.234946543143458
79,-1.9842294026289549,8.249770597371045
80,-1.964574501457376,8.272425498542624
81,-1.9371663222572604,8.30283367774274
82,-1.902113032590305,8.340886967409695
83,-1.8595529717765,8.3864470282235
84,-1.809654104932036,8.439345895067964
85,-1.752613360087724,8.499386639912277
86,-1.6886558510040262,8.566344148995974
87,-1.618033988749891,8.63996601125011
88,-1.5410264855515734,8.719973514448428
89,-1.4579372548428182,8.806062745157181
90,-1.3690942118573715,8.897905788142628
91,-1.2748479794973737,8.995152020502626
92,-1.1755705045849394,9.09742949541506
93,-1.0716535899579867,9.204346410042014
94,-0.9635073482034229,9.315492651796577
95,-0.851558583130138,9.430441416869861
96,-0.7362491053693474,9.548750894630652
97,-0.6180339887498868,9.669966011250114
98,-0.4973797743297021,9.793620225670299
99,-0.37476262917144065,9.91923737082856
100,-0.2506664671286005,10.046333532871401
101,-0.12558103905861767,10.174418960941383
102,8.391925477342312e-15,10.30300000000001
103,0.12558103905863618,10.431581039058637
104,0.2506664671286172,10.559666467128618
105,0.37476262917145886,10.686762629171458
106,0.49737977432971836,10.812379774329719
107,0.6180339887499045,10.936033988749903
108,0.7362491053693647,11.057249105369365
109,0.8515585831301548,11.175558583130154
110,0.9635073482034391,11.29050734820344
111,1.0716535899580009,11.401653589958
112,1.1755705045849545,11.508570504584954
113,1.2748479794973866,11.610847979497386
114,1.369094211857385,11.708094211857386
115,1.4579372548428298,11.799937254842831
116,1.5410264855515854,11.886026485551586
117,1.618033988749901,11.966033988749901
118,1.6886558510040361,12.039655851004037
119,1.7526133600877323,12.106613360087733
120,1.809654104932044,12.166654104932045
121,1.8595529717765067,12.219552971776507
122,1.9021130325903108,12.26511303259031
123,1.937166322257265,12.303166322257265
124,1.9645745014573792,12.33357450145738
125,1.984229402628957,12.356229402628957
126,1.9960534568565438,12.371053456856544
127,2.0,12.378
128,1.9960534568565425,12.377053456856542
129,1.9842294026289544,12.368229402628955
130,1.9645745014573752,12.351574501457376
131,1.9371663222572595,12.32716632225726
132,1.902113032590304,12.295113032590304
133,1.8595529717764994,12.2555529717765
134,1.8096541049320338,12.208654104932034
135,1.7526133600877216,12.154613360087723
136,1.6886558510040244,12.093655851004026
137,1.618033988749889,12.026033988749889
138,1.5410264855515725,11.952026485551572
139,1.4579372548428147,11.871937254842814
140,1.369094211857369,11.78609421185737
141,1.2748479794973713,11.694847979497371
142,1.1755705045849383,11.598570504584938
143,1.0716535899579824,11.497653589957983
144,0.96350734820342,11.39250734820342
145,0.851558583130135,11.283558583130135
146,0.736249105369346,11.171249105369347
147,0.618033988749882,11.056033988749883
148,0.4973797743296972,10.938379774329698
149,0.3747626291714374,10.818762629171438
150,0.25066646712859725,10.697666467128599
151,0.12558103905861615,10.575581039058617
152,-1.3476066635713591e-14,10.452999999999985
153,-0.1255810390586395,10.33041896094136
154,-0.25066646712862045,10.208333532871379
155,-0.3747626291714604,10.08723737082854
156,-0.4973797743297233,9.967620225670277
157,-0.6180339887499077,9.849966011250093
158,-0.7362491053693677,9.734750894630633
159,-0.8515585831301562,9.622441416869844
160,-0.9635073482034435,9.513492651796557
161,-1.071653589958005,9.408346410041995
162,-1.1755705045849572,9.307429495415043
163,-1.2748479794973893,9.211152020502611
164,-1.3690942118573886,9.119905788142612
165,-1.4579372548428333,9.034062745157168
166,-1.5410264855515874,8.953973514448414
167,-1.6180339887499027,8.879966011250099
168,-1.688655851004037,8.812344148995964
169,-1.7526133600877347,8.751386639912266
170,-1.8096541049320454,8.697345895067954
171,-1.859552971776508,8.650447028223493
172,-1.9021130325903113,8.610886967409689
173,-1.9371663222572664,8.578833677742734
174,-1.9645745014573803,8.55442549854262
175,-1.9842294026289575,8.537770597371043
176,-1.996053456856544,8.528946543143457
177,-2.0,8.528
178,-1.996053456856542,8.534946543143459
179,-1.9842294026289538,8.549770597371047
180,-1.9645745014573746,8.572425498542627
181,-1.9371663222572588,8.602833677742742
182,-1.902113032590302,8.640886967409699
183,-1.859552971776497,8.686447028223505
184,-1.8096541049320325,8.739345895067967
185,-1.75261336008772,8.79938663991228
186,-1.6886558510040208,8.866344148995978
187,-1.618033988749885,8.939966011250116
188,-1.541026485551568,9.019973514448433
189,-1.4579372548428124,9.106062745157187
190,-1.3690942118573641,9.197905788142636
191,-1.274847979497366,9.295152020502634
192,-1.1755705045849327,9.397429495415068
193,-1.0716535899579795,9.504346410042022
194,-0.963507348203417,9.615492651796584
195,-0.8515585831301288,9.730441416869873
196,-0.7362491053693396,9.848750894630662
197,-0.6180339887498789,9.969966011250122
198,-0.497379774329694,10.093620225670307
199,-0.37476262917143066,10.219237370828571
200,-0.2506664671285904,10.34633353287141
201,-0.1255810390586093,10.47441896094139
202,1.6783850954684623e-14,10.603000000000016
203,0.12558103905864634,10.731581039058646
204,0.2506664671286272,10.859666467128628
205,0.37476262917146713,10.986762629171468
206,0.4973797743297265,11.112379774329726
207,0.6180339887499108,11.236033988749911
208,0.7362491053693742,11.357249105369375
209,0.8515585831301624,11.475558583130162
210,0.9635073482034464,11.590507348203447
211,1.071653589958008,11.701653589958008
212,1.1755705045849627,11.808570504584964
213,1.2748479794973946,11.910847979497396
214,1.369094211857391,12.008094211857392
215,1.4579372548428355,12.099937254842837
216,1.5410264855515918,12.186026485551592
217,1.6180339887499067,12.266033988749907
218,1.6886558510040406,12.339655851004041
219,1.7526133600877363,12.406613360087736
220,1.8096541049320467,12.466654104932047
221,1.8595529717765105,12.51955297177651
222,1.9021130325903135,12.565113032590315
223,1.937166322257267,12.603166322257268
224,1.964574501457381,12.633574501457382
225,1.9842294026289584,12.65622940262896
226,1.9960534568565445,12.671053456856544
227,2.0,12.678
228,1.996053456856542,12.677053456856543
229,1.9842294026289529,12.668229402628954
230,1.9645745014573732,12.651574501457375
231,1.937166322257257,12.627166322257258
232,1.9021130325903008,12.595113032590302
233,1.8595529717764956,12.555552971776496
234,1.8096541049320296,12.50865410493203
235,1.7526133600877167,12.454613360087716
236,1.688655851004019,12.39365585100402
237,1.618033988749883,12.326033988749883
238,1.5410264855515639,12.252026485551564
239,1.4579372548428078,12.171937254842808
240,1.3690942118573617,12.086094211857363
241,1.2748479794973633,11.994847979497363
242,1.1755705045849272,11.898570504584928
243,1.0716535899579738,11.797653589957974
244,0.963507348203411,11.692507348203412
245,0.8515585831301258,11.583558583130127
246,0.7362491053693365,11.471249105369338
247,0.6180339887498724,11.356033988749873
248,0.49737977432968733,11.238379774329687
249,0.37476262917142744,11.118762629171428
250,0.25066646712858714,10.997666467128587
251,0.12558103905860243,10.875581039058602
252,-2.009163527365565e-14,10.75299999999998
253,-0.1255810390586461,10.630418960941354
254,-0.250666467128627,10.508333532871374
255,-0.37476262917147035,10.38723737082853
256,-0.4973797743297297,10.26762022567027
257,-0.6180339887499173,10.149966011250083
258,-0.7362491053693773,10.034750894630623
259,-0.8515585831301654,9.922441416869836
260,-0.9635073482034494,9.813492651796551
261,-1.0716535899580109,9.70834641004199
262,-1.1755705045849625,9.607429495415039
263,-1.2748479794973944,9.511152020502607
264,-1.3690942118573908,9.41990578814261
265,-1.4579372548428353,9.334062745157164
266,-1.541026485551594,9.253973514448406
267,-1.6180339887499087,9.179966011250091
268,-1.6886558510040424,9.112344148995957
269,-1.7526133600877378,9.051386639912263
270,-1.8096541049320483,8.997345895067951
271,-1.8595529717765105,8.95044702822349
272,-1.9021130325903133,8.910886967409688
273,-1.937166322257267,8.878833677742733
274,-1.9645745014573808,8.85442549854262
275,-1.9842294026289589,8.837770597371042
276,-1.9960534568565447,8.828946543143456
277,-2.0,8.828000000000001
278,-1.9960534568565418,8.83494654314346
279,-1.9842294026289529,8.849770597371046
280,-1.9645745014573734,8.872425498542626
281,-1.937166322257257,8.902833677742743
282,-1.902113032590301,8.9408869674097
283,-1.8595529717764931,8.986447028223507
284,-1.809654104932028,9.039345895067973
285,-1.7526133600877152,9.099386639912286
286,-1.6886558510040173,9.166344148995982
287,-1.6180339887498811,9.23996601125012
288,-1.5410264855515639,9.319973514448437
289,-1.457937254842808,9.406062745157193
290,-1.3690942118573617,9.497905788142639
291,-1.2748479794973635,9.595152020502638
292,-1.1755705045849245,9.697429495415076
293,-1.071653589957971,9.80434641004203
294,-0.9635073482034081,9.915492651796594
295,-0.8515585831301228,10.030441416869879
296,-0.7362491053693335,10.148750894630668
297,-0.6180339887498726,10.269966011250128
298,-0.4973797743296876,10.393620225670313
299,-0.37476262917142766,10.519237370828572
300,-0.25066646712858737,10.646333532871413
301,-0.12558103905859913,10.774418960941402
302,2.6952133271427183e-14,10.903000000000027
303,0.12558103905865295,11.031581039058654
304,0.25066646712863383,11.159666467128634
305,0.3747626291714736,11.286762629171474
306,0.4973797743297329,11.412379774329734
307,0.6180339887499171,11.536033988749917
308,0.7362491053693769,11.657249105369377
309,0.8515585831301716,11.775558583130174
310,0.9635073482034554,11.890507348203457
311,1.0716535899580166,12.001653589958016
312,1.175570504584968,12.108570504584968
313,1.2748479794973997,12.2108479794974
314,1.3690942118573959,12.308094211857396
315,1.45793725484284,12.39993725484284
316,1.5410264855515938,12.486026485551594
317,1.6180339887499087,12.56603398874991
318,1.6886558510040461,12.639655851004047
319,1.7526133600877412,12.706613360087742
320,1.8096541049320511,12.766654104932051
321,1.859552971776513,12.819552971776513
322,1.9021130325903155,12.865113032590317
323,1.9371663222572688,12.90316632225727
324,1.964574501457382,12.933574501457382
325,1.9842294026289589,12.95622940262896
326,1.9960534568565451,12.971053456856547
327,2.0,12.978000000000002
328,1.9960534568565413,12.977053456856543
329,1.984229402628952,12.968229402628952
330,1.9645745014573721,12.951574501457372
331,1.9371663222572555,12.927166322257255
332,1.9021130325902988,12.895113032590299
333,1.8595529717764931,12.855552971776493
334,1.8096541049320283,12.808654104932028
335,1.7526133600877118,12.754613360087713
336,1.6886558510040135,12.693655851004014
337,1.618033988749877,12.626033988749878
338,1.5410264855515596,12.552026485551561
339,1.4579372548428031,12.471937254842803
340,1.3690942118573568,12.386094211857358
341,1.2748479794973582,12.294847979497359
342,1.1755705045849245,12.198570504584925
343,1.0716535899579713,12.097653589957972
344,0.9635073482034021,11.992507348203402
345,0.8515585831301166,11.883558583130117
346,0.7362491053693271,11.771249105369327
347,0.618033988749866,11.656033988749867
348,0.49737977432968095,11.538379774329682
349,0.3747626291714209,11.418762629171422
350,0.2506664671285806,11.29766646712858
351,0.12558103905859938,11.1755810390586
352,-3.381263126919872e-14,11.052999999999967
353,-0.12558103905865978,10.930418960941342
354,-0.2506664671286406,10.80833353287136
355,-0.37476262917148034,10.687237370828521
356,-0.49737977432973957,10.567620225670261
357,-0.6180339887499237,10.449966011250078
358,-0.7362491053693834,10.334750894630618
359,-0.8515585831301714,10.222441416869831
360,-0.9635073482034552,10.113492651796546
361,-1.0716535899580224,10.008346410041977
362,-1.1755705045849736,9.907429495415027
363,-1.2748479794974048,9.811152020502595
364,-1.369094211857401,9.719905788142599
365,-1.4579372548428446,9.634062745157156
366,-1.541026485551598,9.553973514448403
367,-1.6180339887499127,9.479966011250088
368,-1.688655851004046,9.412344148995954
369,-1.752613360087741,9.35138663991226
370,-1.809654104932054,9.297345895067947
371,-1.8595529717765156,9.250447028223485
372,-1.9021130325903175,9.210886967409683
373,-1.9371663222572704,9.17883367774273
374,-1.9645745014573834,9.154425498542619
375,-1.9842294026289595,9.137770597371041
376,-1.9960534568565451,9.128946543143455
377,-2.0,9.128
378,-1.996053456856541,9.13494654314346
379,-1.984229402628951,9.149770597371049
380,-1.9645745014573708,9.17242549854263
381,-1.9371663222572537,9.202833677742747
382,-1.9021130325902968,9.240886967409704
383,-1.8595529717764907,9.28644702822351
384,-1.8096541049320254,9.339345895067975
385,-1.752613360087712,9.399386639912288
386,-1.6886558510040137,9.466344148995987
387,-1.618033988749873,9.539966011250128
388,-1.5410264855515552,9.619973514448446
389,-1.4579372548427987,9.706062745157203
390,-1.3690942118573517,9.79790578814265
391,-1.274847979497353,9.895152020502648
392,-1.175570504584919,9.997429495415084
393,-1.0716535899579656,10.104346410042034
394,-0.9635073482034023,10.215492651796598
395,-0.8515585831301168,10.330441416869883
396,-0.7362491053693208,10.44875089463068
397,-0.6180339887498595,10.569966011250141
398,-0.4973797743296743,10.693620225670326
399,-0.3747626291714142,10.819237370828587
400,-0.25066646712857377,10.946333532871428
401,-0.12558103905859253,11.074418960941408
402,3.356770190936925e-14,11.203000000000035
403,0.12558103905865953,11.33158103905866
404,0.25066646712864743,11.459666467128649
405,0.3747626291714871,11.586762629171488
406,0.49737977432974617,11.712379774329747
407,0.6180339887499301,11.83603398874993
408,0.7362491053693897,11.95724910536939
409,0.8515585831301775,12.075558583130178
410,0.9635073482034612,12.190507348203461
411,1.0716535899580222,12.301653589958022
412,1.1755705045849734,12.408570504584974
413,1.2748479794974101,12.510847979497411
414,1.3690942118574059,12.608094211857406
415,1.4579372548428493,12.699937254842851
416,1.5410264855516025,12.786026485551604
417,1.6180339887499167,12.866033988749917
418,1.6886558510040497,12.939655851004051
419,1.7526133600877443,13.006613360087746
420,1.809654104932054,13.066654104932056
421,1.8595529717765154,13.119552971776518
422,1.9021130325903197,13.165113032590321
423,1.9371663222572721,13.203166322257275
424,1.9645745014573848,13.233574501457387
425,1.9842294026289604,13.25622940262896
426,1.9960534568565456,13.271053456856546
427,2.0,13.278
428,1.996053456856541,13.277053456856542
429,1.9842294026289513,13.268229402628952
430,1.9645745014573694,13.25157450145737
431,1.937166322257252,13.227166322257252
432,1.9021130325902946,13.195113032590296
433,1.8595529717764883,13.155552971776489
434,1.8096541049320225,13.108654104932024
435,1.7526133600877087,13.05461336008771
436,1.68865585100401,12.99365585100401
437,1.6180339887498731,12.926033988749875
438,1.5410264855515554,12.852026485551557
439,1.4579372548427938,12.771937254842793
440,1.3690942118573468,12.686094211857347
441,1.2748479794973477,12.594847979497349
442,1.1755705045849134,12.498570504584913
443,1.0716535899579596,12.39765358995796
444,0.9635073482033963,12.292507348203397
445,0.8515585831301106,12.183558583130111
446,0.736249105369321,12.071249105369322
447,0.618033988749853,11.956033988749853
448,0.4973797743296676,11.838379774329669
449,0.37476262917140746,11.718762629171408
450,0.25066646712856694,11.597666467128569
451,0.1255810390585857,11.475581039058588
452,-4.042819990714078e-14,11.35299999999996
453,-0.12558103905866638,11.230418960941336
454,-0.2506664671286472,11.108333532871354
455,-0.37476262917148684,10.987237370828515
456,-0.49737977432975283,10.86762022567025
457,-0.6180339887499366,10.749966011250063
458,-0.7362491053693961,10.634750894630605
459,-0.8515585831301837,10.522441416869817
460,-0.9635073482034672,10.413492651796533
461,-1.071653589958028,10.308346410041972
462,-1.175570504584979,10.207429495415022
463,-1.27484797949741,10.11115202050259
464,-1.3690942118574057,10.019905788142596
465,-1.4579372548428542,9.934062745157147
466,-1.541026485551607,9.853973514448395
467,-1.6180339887499207,9.779966011250082
468,-1.6886558510040532,9.712344148995948
469,-1.7526133600877476,9.651386639912253
470,-1.809654104932057,9.597345895067946
471,-1.8595529717765178,9.550447028223482
472,-1.9021130325903195,9.51088696740968
473,-1.937166322257274,9.478833677742726
474,-1.9645745014573859,9.454425498542614
475,-1.9842294026289613,9.437770597371038
476,-1.996053456856546,9.428946543143455
477,-2.0,9.428
478,-1.9960534568565405,9.434946543143461
479,-1.9842294026289504,9.449770597371051
480,-1.9645745014573694,9.472425498542632
481,-1.937166322257252,9.50283367774275
482,-1.9021130325902924,9.540886967409708
483,-1.8595529717764856,9.586447028223516
484,-1.8096541049320194,9.639345895067983
485,-1.7526133600877054,9.699386639912296
486,-1.6886558510040064,9.766344148995996
487,-1.6180339887498691,9.839966011250134
488,-1.541026485551551,9.91997351444845
489,-1.457937254842794,10.006062745157207
490,-1.369094211857347,10.097905788142654
491,-1.2748479794973424,10.195152020502658
492,-1.1755705045849079,10.297429495415093
493,-1.0716535899579538,10.404346410042047
494,-0.9635073482033903,10.515492651796611
495,-0.8515585831301045,10.630441416869896
496,-0.7362491053693145,10.748750894630687
497,-0.6180339887498533,10.869966011250147
498,-0.4973797743296679,10.993620225670334
499,-0.3747626291714007,11.119237370828602
500,-0.25066646712856017,11.246333532871441
501,-0.12558103905857884,11.374418960941421
502,4.01832705473113e-14,11.503000000000041
503,0.12558103905866613,11.631581039058666
504,0.25066646712864693,11.759666467128648
505,0.3747626291714866,11.886762629171487
506,0.4973797743297457,12.012379774329746
507,0.6180339887499297,12.136033988749931
508,0.7362491053693959,12.257249105369397
509,0.8515585831301835,12.375558583130184
510,0.963507348203467,12.490507348203469
511,1.0716535899580277,12.60165358995803
512,1.1755705045849845,12.708570504584985
513,1.2748479794974097,12.81084797949741
514,1.3690942118574108,12.908094211857412
515,1.457937254842849,12.99993725484285
516,1.5410264855516067,13.086026485551608
517,1.6180339887499164,13.166033988749918
518,1.6886558510040532,13.239655851004056
519,1.752613360087744,13.306613360087747
520,1.8096541049320567,13.366654104932056
521,1.8595529717765205,13.419552971776522
522,1.9021130325903195,13.46511303259032
523,1.9371663222572737,13.503166322257275
524,1.9645745014573845,13.533574501457386
525,1.9842294026289613,13.556229402628961
526,1.9960534568565456,13.571053456856546
527,2.0,13.578000000000001
528,1.996053456856541,13.577053456856543
529,1.9842294026289504,13.568229402628951
530,1.9645745014573683,13.55157450145737
531,1.9371663222572522,13.527166322257253
532,1.9021130325902926,13.495113032590295
533,1.8595529717764883,13.455552971776488
534,1.8096541049320196,13.408654104932019
535,1.752613360087709,13.35461336008771
536,1.6886558510040064,13.293655851004006
537,1.6180339887498734,13.226033988749874
538,1.5410264855515512,13.152026485551552
539,1.4579372548427894,13.07193725484279
540,1.3690942118573473,12.986094211857349
541,1.2748479794973426,12.894847979497344
542,1.1755705045849139,12.798570504584916
543,1.071653589957954,12.697653589957955
544,0.9635073482033968,12.592507348203398
545,0.8515585831301047,12.483558583130106
546,0.7362491053693214,12.371249105369323
547,0.6180339887498535,12.256033988749856
548,0.49737977432966124,12.138379774329662
549,0.3747626291714079,12.018762629171409
550,0.2506664671285604,11.897666467128563
551,0.12558103905858617,11.775581039058588
552,-4.7043768545082833e-14,11.652999999999954
553,-0.1255810390586659,11.530418960941335
554,-0.25066646712865376,11.408333532871348
555,-0.3747626291715003,11.2872373708285
556,-0.4973797743297524,11.167620225670248
557,-0.618033988749943,11.049966011250058
558,-0.7362491053693957,10.934750894630605
559,-0.8515585831301897,10.822441416869811
560,-0.9635073482034667,10.713492651796535
561,-1.0716535899580335,10.608346410041968
562,-1.1755705045849785,10.507429495415023
563,-1.274847979497415,10.411152020502588
564,-1.3690942118574156,10.319905788142586
565,-1.4579372548428537,10.234062745157146
566,-1.5410264855516111,10.153973514448388
567,-1.6180339887499204,10.07996601125008
568,-1.6886558510040568,10.012344148995943
569,-1.7526133600877474,9.951386639912254
570,-1.8096541049320596,9.897345895067941
571,-1.8595529717765178,9.850447028223483
572,-1.9021130325903217,9.81088696740968
573,-1.9371663222572755,9.778833677742725
574,-1.9645745014573859,9.754425498542615
575,-1.9842294026289622,9.73777059737104
576,-1.9960534568565458,9.728946543143456
577,-2.0,9.728000000000002
578,-1.9960534568565405,9.734946543143462
579,-1.9842294026289495,9.749770597371052
580,-1.9645745014573697,9.772425498542631
581,-1.9371663222572504,9.802833677742752
582,-1.9021130325902904,9.840886967409713
583,-1.8595529717764858,9.886447028223516
584,-1.8096541049320167,9.939345895067984
585,-1.7526133600877056,9.999386639912295
586,-1.6886558510040028,10.066344148995999
587,-1.6180339887498694,10.13996601125013
588,-1.5410264855515468,10.219973514448455
589,-1.4579372548427945,10.306062745157206
590,-1.3690942118573421,10.397905788142658
591,-1.2748479794973373,10.495152020502664
592,-1.1755705045849083,10.597429495415094
593,-1.0716535899579482,10.704346410042053
594,-0.9635073482033908,10.81549265179661
595,-0.8515585831300985,10.930441416869904
596,-0.736249105369315,11.048750894630686
597,-0.6180339887498469,11.169966011250153
598,-0.49737977432966834,11.293620225670333
599,-0.3747626291714012,11.419237370828599
600,-0.2506664671285536,11.546333532871447
601,-0.12558103905857934,11.674418960941422
602,5.3904266542854365e-14,11.803000000000054
603,0.12558103905867274,11.931581039058674
604,0.25066646712866053,12.059666467128661
605,0.3747626291714931,12.186762629171493
606,0.497379774329759,12.31237977432976
607,0.6180339887499495,12.436033988749951
608,0.736249105369402,12.557249105369404
609,0.851558583130196,12.675558583130197
610,0.9635073482034727,12.790507348203475
611,1.0716535899580393,12.901653589958041
612,1.175570504584984,13.008570504584986
613,1.2748479794974203,13.110847979497422
614,1.3690942118574103,13.208094211857413
615,1.4579372548428584,13.299937254842861
616,1.5410264855516156,13.386026485551616
617,1.6180339887499244,13.466033988749926
618,1.6886558510040606,13.539655851004062
619,1.7526133600877507,13.606613360087751
620,1.8096541049320625,13.666654104932064
621,1.8595529717765202,13.71955297177652
622,1.9021130325903237,13.765113032590325
623,1.9371663222572737,13.803166322257276
624,1.9645745014573872,13.833574501457388
625,1.984229402628963,13.856229402628966
626,1.9960534568565462,13.871053456856547
627,2.0,13.878000000000002
628,1.99605345685654,13.877053456856542
629,1.9842294026289486,13.868229402628948
630,1.9645745014573683,13.85157450145737
631,1.9371663222572486,13.827166322257249
632,1.9021130325902926,13.795113032590294
633,1.8595529717764834,13.755552971776485
634,1.8096541049320138,13.708654104932014
635,1.7526133600877023,13.654613360087703
636,1.688655851003999,13.593655851004
637,1.6180339887498654,13.526033988749866
638,1.5410264855515423,13.452026485551544
639,1.4579372548427896,13.371937254842791
640,1.369094211857337,13.286094211857339
641,1.274847979497343,13.194847979497345
642,1.1755705045849028,13.098570504584904
643,1.0716535899579425,12.997653589957945
644,0.9635073482033847,12.892507348203386
645,0.8515585831300923,12.783558583130095
646,0.7362491053693087,12.671249105369311
647,0.6180339887498404,12.556033988749842
648,0.49737977432966174,12.438379774329663
649,0.37476262917139447,12.318762629171395
650,0.2506664671285468,12.197666467128547
651,0.12558103905857249,12.075581039058573
652,-6.07647645406259e-14,11.95299999999994
653,-0.1255810390586796,11.830418960941321
654,-0.25066646712866736,11.708333532871334
655,-0.3747626291714999,11.587237370828502
656,-0.49737977432976566,11.467620225670236
657,-0.6180339887499425,11.349966011250059
658,-0.7362491053694085,11.234750894630594
659,-0.8515585831302022,11.1224414168698
660,-0.9635073482034788,11.013492651796524
661,-1.071653589958045,0.0
662,0.0,10.908346410041956
663,-1.1755705045849896,10.807429495415011
664,-1.2748479794974257,10.711152020502574
665,-1.3690942118574154,10.619905788142585
666,-1.457937254842863,10.534062745157138
667,-1.541026485551611,10.45397351444839
668,-1.6180339887499284,10.379966011250072
669,-1.6886558510040641,10.312344148995937
670,-1.752613360087754,0.0
671,0.0,10.251386639912248
672,-1.8096541049320656,10.197345895067937
673,-1.859552971776523,10.150447028223478
674,-1.902113032590326,10.110886967409677
675,-1.9371663222572755,10.078833677742725
676,-1.9645745014573885,10.054425498542614
677,-1.9842294026289622,10.03777059737104
678,-1.9960534568565467,10.028946543143455
679,-2.0,10.028000000000002
680,-1.9960534568565396,10.034946543143462
681,-1.9842294026289478,10.049770597371054
682,-1.964574501457367,10.072425498542636
683,-1.937166322257247,10.102833677742755
684,-1.9021130325902906,10.14088696740971
685,-1.8595529717764807,10.18644702822352
686,-1.809654104932017,10.239345895067984
687,-1.752613360087699,10.299386639912303
688,-1.6886558510039955,10.366344148996006
689,-1.6180339887498614,10.43996601125014
690,-1.541026485551538,10.519973514448463
691,-1.457937254842785,10.606062745157217
692,-1.3690942118573322,10.69790578814267
693,-1.2748479794973377,10.795152020502664
694,-1.1755705045848972,10.897429495415103
695,-1.0716535899579487,11.004346410042052
696,-0.9635073482033787,11.115492651796622
697,-0.851558583130086,11.230441416869915
698,-0.7362491053693022,11.3487508946307
699,-0.6180339887498338,11.469966011250166
700,-0.4973797743296551,11.593620225670346
701,-0.3747626291713877,11.719237370828614
702,-0.25066646712855406,11.846333532871448
703,-0.12558103905856563,11.974418960941437
704,6.762526253839743e-14,12.103000000000069
705,0.12558103905868645,12.231581039058689
706,0.2506664671286742,12.359666467128676
707,0.3747626291715066,12.486762629171508
708,0.4973797743297723,12.612379774329774
709,0.618033988749949,12.73603398874995
710,0.7362491053694148,12.857249105369418
711,0.8515585831301955,12.975558583130198
712,0.9635073482034848,13.090507348203488
713,1.0716535899580508,13.201653589958052
714,1.1755705045849951,13.308570504584997
715,1.274847979497431,13.410847979497433
716,1.3690942118574203,13.508094211857422
717,1.4579372548428677,13.59993725484287
718,1.5410264855516151,13.686026485551617
719,1.6180339887499324,13.766033988749934
720,1.6886558510040603,13.839655851004062
721,1.7526133600877574,13.906613360087759
722,1.8096541049320685,13.96665410493207
723,1.8595529717765253,14.019552971776527
724,1.902113032590328,14.06511303259033
725,1.937166322257277,14.103166322257279
726,1.9645745014573897,14.13357450145739
727,1.9842294026289629,14.156229402628963
728,1.9960534568565471,14.171053456856548
729,2.0,14.178
730,1.9960534568565391,14.177053456856541
731,1.9842294026289469,14.168229402628947
732,1.9645745014573657,14.151574501457366
733,1.9371663222572453,14.127166322257246
734,1.9021130325902884,14.09511303259029
735,1.8595529717764783,14.05555297177648
736,1.809654104932014,14.008654104932015
737,1.7526133600876956,13.954613360087697
738,1.6886558510039993,13.893655851004
739,1.6180339887498574,13.82603398874986
740,1.5410264855515337,13.752026485551536
741,1.4579372548427803,13.671937254842783
742,1.369094211857327,13.58609421185733
743,1.2748479794973324,13.494847979497335
744,1.1755705045848917,13.398570504584894
745,1.071653589957943,13.297653589957946
746,0.9635073482033727,13.192507348203375
747,0.8515585831300798,0.0
748,0.0,13.083558583130081
749,0.7362491053692959,12.971249105369298
750,0.6180339887498274,12.856033988749829
751,0.4973797743296484,12.73837977432965
752,0.374762629171381,12.618762629171382
753,0.2506664671285473,12.49766646712855
754,0.1255810390585588,12.375581039058561
755,-6.027490582096696e-14,12.252999999999941
756,-0.12558103905869328,12.13041896094131
757,-0.25066646712868096,12.00833353287132
758,-0.3747626291715133,11.887237370828489
759,-0.4973797743297789,11.767620225670221
760,-0.6180339887499555,11.649966011250045
761,-0.7362491053694212,11.53475089463058
762,-0.8515585831302017,11.422441416869798
763,-0.9635073482034908,11.31349265179651
764,-1.0716535899580446,11.208346410041957
765,-1.1755705045850007,11.107429495415001
766,-1.2748479794974363,11.011152020502564
767,-1.3690942118574254,0.0
768,0.0,10.919905788142575
769,-1.4579372548428726,10.834062745157128
770,-1.5410264855516196,10.753973514448383
771,-1.6180339887499364,10.679966011250066
772,-1.688655851004064,10.612344148995938
773,-1.7526133600877607,10.551386639912241
774,-1.8096541049320654,10.497345895067937
775,-1.8595529717765278,10.450447028223474
776,-1.9021130325903302,10.410886967409672
777,-1.9371663222572788,10.378833677742724
778,-1.964574501457391,10.35442549854261
779,-1.9842294026289637,10.337770597371039
780,-1.9960534568565476,10.328946543143456
781,-2.0,10.328000000000001
782,-1.9960534568565387,10.334946543143463
783,-1.9842294026289478,10.349770597371053
784,-1.9645745014573646,10.372425498542636
785,-1.9371663222572435,10.402833677742759
786,-1.9021130325902864,10.440886967409716
787,-1.8595529717764756,10.486447028223527
788,-1.809654104932011,10.53934589506799
789,-1.7526133600876923,10.59938663991231
790,-1.6886558510039957,10.666344148996007
791,-1.6180339887498532,10.73996601125015
792,-1.5410264855515383,10.819973514448462
793,-1.4579372548427756,10.906062745157225
794,-1.3690942118573222,10.99790578814268
795,-1.274847979497327,11.095152020502674
796,-1.175570504584886,11.197429495415115
797,-1.0716535899579371,11.304346410042065
798,-0.9635073482033667,11.415492651796635
799,-0.8515585831300865,11.530441416869914
800,-0.7362491053692896,11.648750894630712
801,-0.6180339887498209,11.769966011250181
802,-0.49737977432964176,11.893620225670361
803,-0.3747626291713742,12.019237370828627
804,-0.25066646712854046,12.146333532871461
805,-0.12558103905855195,12.27441896094145
806,6.71354038187385e-14,12.40300000000007
807,0.12558103905870013,12.531581039058702
808,0.2506664671286737,12.659666467128677
809,0.3747626291715201,12.786762629171523
810,0.4973797743297856,12.912379774329787
811,0.6180339887499621,13.036033988749965
812,0.7362491053694276,13.15724910536943
813,0.8515585831302079,13.27555858313021
814,0.9635073482034968,13.390507348203498
815,1.0716535899580504,13.501653589958051
816,1.1755705045850062,13.608570504585007
817,1.2748479794974306,13.710847979497432
818,1.3690942118574303,13.808094211857432
819,1.4579372548428773,13.899937254842879
820,1.541026485551624,13.986026485551626
821,1.6180339887499404,14.066033988749943
822,1.6886558510040677,14.13965585100407
823,1.7526133600877638,14.206613360087767
824,1.8096541049320682,14.26665410493207
825,1.8595529717765305,14.319552971776531
826,1.902113032590328,14.36511303259033
827,1.9371663222572806,14.403166322257281
828,1.9645745014573923,14.433574501457393
829,1.9842294026289646,14.456229402628965
830,1.996053456856548,14.471053456856549
831,2.0,14.478000000000002
832,1.9960534568565382,14.47705345685654
833,1.984229402628947,14.46822940262895
834,1.9645745014573632,14.451574501457365
835,1.9371663222572455,14.427166322257248
836,1.9021130325902842,14.395113032590286
837,1.8595529717764732,14.355552971776476
838,1.809654104932008,14.30865410493201
839,1.7526133600876892,14.254613360087692
840,1.688655851003992,14.193655851003994
841,1.6180339887498492,14.126033988749851
842,1.5410264855515339,14.052026485551536
843,1.457937254842771,13.971937254842773
844,1.3690942118573275,13.88609421185733
845,1.2748479794973218,13.794847979497323
846,1.1755705045848805,13.698570504584882
847,1.0716535899579314,13.597653589957932
848,0.9635073482033607,13.492507348203363
849,0.8515585831300803,13.383558583130082
850,0.7362491053692831,13.271249105369286
851,0.6180339887498278,13.15603398874983
852,0.49737977432963515,13.038379774329638
853,0.3747626291713675,12.91876262917137
854,0.25066646712853363,12.797666467128536
855,0.1255810390585451,12.675581039058548
856,-7.399590181651003e-14,12.552999999999926
857,-0.125581039058707,12.430418960941294
858,-0.25066646712868046,12.30833353287132
859,-0.3747626291715268,12.187237370828475
860,-0.4973797743297785,12.067620225670224
861,-0.6180339887499686,11.949966011250034
862,-0.7362491053694339,11.834750894630568
863,-0.8515585831302142,11.722441416869788
864,-0.9635073482035028,11.613492651796498
865,-1.0716535899580562,11.508346410041945
866,-1.1755705045850118,11.40742949541499
867,-1.274847979497436,11.311152020502567
868,-1.3690942118574354,11.219905788142567
869,-1.4579372548428722,11.13406274515713
870,-1.5410264855516282,11.053973514448375
871,-1.6180339887499446,10.979966011250058
872,-1.6886558510040712,10.912344148995931
873,-1.7526133600877674,10.851386639912235
874,-1.8096541049320711,10.79734589506793
875,-1.859552971776533,10.75044702822347
876,-1.90211303259033,10.710886967409673
877,-1.9371663222572821,10.67883367774272
878,-1.964574501457391,10.654425498542611
879,-1.9842294026289655,10.637770597371036
880,-1.9960534568565484,10.628946543143453
881,-2.0,10.628000000000002
882,-1.9960534568565378,10.634946543143464
883,-1.9842294026289462,10.649770597371056
884,-1.964574501457362,10.67242549854264
885,-1.9371663222572437,10.702833677742758
886,-1.9021130325902822,10.74088696740972
887,-1.8595529717764758,10.786447028223527
888,-1.8096541049320052,10.839345895067996
889,-1.7526133600876859,10.899386639912315
890,-1.6886558510039884,10.966344148996013
891,-1.6180339887498452,11.039966011250156
892,-1.5410264855515297,11.119973514448471
893,-1.4579372548427663,11.206062745157235
894,-1.3690942118573224,11.297905788142678
895,-1.2748479794973164,11.395152020502685
896,-1.175570504584875,11.497429495415126
897,-1.0716535899579256,11.604346410042076
898,-0.9635073482033547,11.715492651796648
899,-0.851558583130074,11.830441416869927
900,-0.7362491053692768,11.948750894630725
901,-0.6180339887498213,12.06996601125018
902,-0.4973797743296285,12.193620225670374
903,-0.3747626291713747,12.319237370828628
904,-0.25066646712852686,12.446333532871476
905,-0.12558103905853826,12.574418960941465
906,8.085639981428156e-14,12.703000000000085
907,0.12558103905871382,12.831581039058717
908,0.2506664671286873,12.95966646712869
909,0.3747626291715336,13.086762629171535
910,0.49737977432978514,13.212379774329786
911,0.6180339887499751,13.336033988749977
912,0.7362491053694271,13.45724910536943
913,0.8515585831302204,13.575558583130222
914,0.9635073482035088,13.69050734820351
915,1.0716535899580621,13.801653589958065
916,1.1755705045850173,13.90857050458502
917,1.2748479794974412,14.010847979497443
918,1.3690942118574403,14.108094211857443
919,1.4579372548428768,14.19993725484288
920,1.5410264855516327,14.286026485551634
921,1.6180339887499402,14.36603398874994
922,1.688655851004075,14.439655851004076
923,1.7526133600877705,14.506613360087773
924,1.809654104932074,14.566654104932075
925,1.8595529717765353,14.619552971776537
926,1.9021130325903322,14.665113032590334
927,1.937166322257284,14.703166322257285
928,1.9645745014573923,14.733574501457394
929,1.9842294026289664,14.756229402628968
930,1.996053456856548,14.77105345685655
931,2.0,14.778000000000002
932,1.9960534568565373,14.777053456856539
933,1.9842294026289453,14.768229402628947
934,1.9645745014573606,14.751574501457362
935,1.937166322257242,14.727166322257245
936,1.90211303259028,14.695113032590283
937,1.8595529717764734,14.655552971776476
938,1.8096541049320023,14.608654104932006
939,1.7526133600876894,14.554613360087693
940,1.6886558510039846,14.493655851003988
941,1.6180339887498412,14.426033988749843
942,1.5410264855515252,14.352026485551526
943,1.4579372548427616,14.271937254842763
944,1.3690942118573175,14.18609421185732
945,1.2748479794973113,14.094847979497313
946,1.175570504584881,13.998570504584883
947,1.0716535899579198,13.897653589957923
948,0.9635073482033487,13.792507348203351
949,0.8515585831300678,13.68355858313007
950,0.7362491053692704,13.571249105369272
951,0.6180339887498147,13.456033988749818
952,0.4973797743296218,13.338379774329622
953,0.374762629171368,13.21876262917137
954,0.25066646712852003,13.097666467128521
955,0.1255810390585456,12.975581039058547
956,-8.771689781205308e-14,12.852999999999914
957,-0.12558103905872067,12.73041896094128
958,-0.2506664671286941,12.608333532871308
959,-0.3747626291715403,12.487237370828462
960,-0.49737977432979175,12.36762022567021
961,-0.6180339887499816,12.24996601125002
962,-0.7362491053694334,12.134750894630569
963,-0.8515585831302266,12.022441416869775
964,-0.9635073482035024,11.9134926517965
965,-1.071653589958068,11.808346410041935
966,-1.1755705045850229,11.70742949541498
967,-1.2748479794974463,11.611152020502557
968,-1.3690942118574454,11.519905788142557
969,-1.4579372548428815,11.43406274515712
970,-1.5410264855516371,11.353973514448366
971,-1.6180339887499442,11.279966011250059
972,-1.6886558510040786,11.212344148995925
973,-1.752613360087767,11.151386639912236
974,-1.809654104932077,11.097345895067924
975,-1.859552971776538,11.050447028223465
976,-1.9021130325903342,11.010886967409668
977,-1.9371663222572857,10.978833677742717
978,-1.9645745014573934,10.954425498542609
979,-1.9842294026289673,10.937770597371035
980,-1.9960534568565484,10.928946543143454
981,-2.0,10.928000000000003
982,-1.9960534568565378,10.934946543143464
983,-1.9842294026289444,10.949770597371058
984,-1.9645745014573595,10.972425498542641
985,-1.9371663222572402,11.00283367774276
986,-1.902113032590278,11.040886967409723
987,-1.8595529717764707,11.086447028223532
988,-1.8096541049319994,11.139345895068002
989,-1.752613360087686,11.199386639912316
990,-1.6886558510039809,11.266344148996021
991,-1.6180339887498372,11.339966011250166
992,-1.5410264855515208,11.41997351444848
993,-1.457937254842757,11.506062745157244
994,-1.3690942118573124,11.59790578814269
995,-1.274847979497306,11.695152020502697
996,-1.1755705045848754,11.797429495415127
997,-1.071653589957914,11.904346410042088
998,-0.9635073482033552,12.015492651796647
999,-0.8515585831300616,12.13044141686994
1000,-0.736249105369264,12.248750894630739
1001,-0.6180339887498083,12.369966011250195
1002,-0.4973797743296152,12.493620225670387
1003,-0.3747626291713612,12.619237370828642
1004,-0.25066646712851326,12.74633353287149
1005,-0.12558103905853873,12.874418960941464
1006,8.03665410946226e-14,13.003000000000082
1007,0.12558103905868498,13.131581039058686
1008,0.2506664671286586,13.259666467128659
1009,0.3747626291714912,13.386762629171491
1010,0.4973797743297296,13.51237977432973
1011,0.6180339887499071,13.636033988749908
1012,0.7362491053693474,13.757249105369349
1013,0.8515585831301299,13.875558583130129
1014,0.9635073482033963,13.990507348203396
1015,1.0716535899579536,14.101653589957952
1016,1.175570504584902,14.2085705045849
1017,1.2748479794973204,14.310847979497318
1018,1.3690942118573157,14.408094211857314
1019,1.45793725484275,14.499937254842749
1020,1.5410264855515057,14.586026485551503
1021,1.618033988749823,14.66603398874982
1022,1.6886558510039529,14.739655851003949
1023,1.752613360087654,14.806613360087649
1024,1.809654104931965,14.86665410493196
1025,1.8595529717764305,14.919552971776426
1026,1.9021130325902484,14.965113032590244
1027,1.9371663222572095,15.003166322257204
1028,1.9645745014573335,15.033574501457329
1029,1.984229402628927,15.05622940262892
1030,1.9960534568565274,15.071053456856522
1031,2.0,15.077999999999992
1032,1.9960534568565615,15.077053456856554
1033,1.9842294026289917,15.068229402628985
1034,1.9645745014574354,15.051574501457427
1035,1.9371663222573445,15.027166322257337
1036,1.9021130325904074,14.9951130325904
1037,1.8595529717766304,14.955552971776621
1038,1.8096541049321961,14.908654104932188
1039,1.7526133600879155,14.854613360087905
1040,1.6886558510042362,14.793655851004226
1041,1.6180339887501338,14.726033988750125
1042,1.5410264855518516,14.652026485551842
1043,1.457937254843112,14.571937254843101
1044,1.3690942118577012,14.486094211857692
1045,1.2748479794977388,14.394847979497728
1046,1.1755705045853413,14.29857050458533
1047,1.0716535899584,14.197653589958387
1048,0.9635073482038721,14.09250734820386
1049,0.8515585831306212,13.983558583130609
1050,0.736249105369839,13.871249105369827
1051,0.6180339887504099,13.756033988750398
1052,0.4973797743302555,13.638379774330243
1053,0.3747626291720245,13.518762629172011
1054,0.25066646712918317,13.39766646712917
1055,0.12558103905922685,13.275581039059212
1056,6.233156966677061e-13,13.153000000000608
1057,-0.12558103905801105,13.030418960941974
1058,-0.2506664671279746,12.90833353287201
1059,-0.3747626291708,12.787237370829185
1060,-0.49737977432907554,12.667620225670909
1061,-0.6180339887492513,12.549966011250731
1062,-0.7362491053687064,12.434750894631277
1063,-0.8515585831294932,12.322441416870488
1064,-0.9635073482028046,12.213492651797177
1065,-1.0716535899573716,12.10834641004261
1066,-1.1755705045843328,12.00742949541565
1067,-1.2748479794968,11.911152020503183
1068,-1.369094211856813,11.819905788143169
1069,-1.457937254842278,11.734062745157702
1070,-1.541026485551057,11.653973514448923
1071,-1.6180339887494177,11.579966011250562
1072,-1.6886558510035834,11.512344148996396
1073,-1.7526133600873148,11.451386639912664
1074,-1.8096541049316774,11.397345895068302
1075,-1.859552971776182,11.350447028223797
1076,-1.902113032590031,11.31088696740995
1077,-1.9371663222570346,11.278833677742943
1078,-1.964574501457207,11.254425498542771
1079,-1.984229402628839,11.237770597371137
1080,-1.9960534568564832,11.228946543143493
1081,-2.0,11.227999999999977
1082,-1.996053456856604,11.234946543143373
1083,-1.9842294026290799,11.249770597370897
1084,-1.964574501457567,11.27242549854241
1085,-1.9371663222575126,11.302833677742463
1086,-1.902113032590625,11.34088696740935
1087,-1.8595529717768895,11.386447028223085
1088,-1.8096541049324837,11.43934589506749
1089,-1.7526133600882408,11.499386639911734
1090,-1.6886558510046132,11.566344148995361
1091,-1.6180339887505475,11.639966011249427
1092,-1.5410264855522822,11.719973514447693
1093,-1.4579372548435936,11.806062745156378
1094,-1.3690942118582141,11.89790578814176
1095,-1.274847979498259,11.995152020501711
1096,-1.1755705045858875,12.097429495414083
1097,-1.0716535899589943,12.204346410040976
1098,-0.9635073482044888,12.315492651795482
1099,-0.8515585831312322,12.430441416868739
1100,-0.7362491053704933,12.548750894629478
1101,-0.6180339887510792,12.66996601124889
1102,-0.4973797743309095,12.793620225669061
1103,-0.3747626291726878,12.91923737082728
1104,-0.25066646712988133,13.046333532870086
1105,-0.12558103905992915,13.17441896094004
1106,-1.2985762249996308e-12,13.30299999999867
1107,0.12558103905730875,13.431581039057278
1108,0.2506664671272764,13.559666467127245
1109,0.3747626291701367,13.686762629170104
1110,0.497379774328394,13.812379774328361
1111,0.6180339887485821,13.936033988748548
1112,0.7362491053680521,14.057249105368019
1113,0.8515585831288822,14.175558583128849
1114,0.963507348202188,14.290507348202155
1115,1.0716535899567774,14.401653589956744
1116,1.1755705045837863,14.508570504583753
1117,1.2748479794962577,14.610847979496222
1118,1.3690942118563,14.708094211856265
1119,1.4579372548417964,14.79993725484176
1120,1.5410264855506266,14.88602648555059
1121,1.618033988749004,14.966033988748968
1122,1.6886558510032064,15.03965585100317
1123,1.7526133600869895,15.106613360086953
1124,1.809654104931378,15.166654104931341
1125,1.859552971775923,15.219552971775885
1126,1.9021130325898223,15.265113032589785
1127,1.9371663222568667,15.303166322256827
1128,1.9645745014570752,15.333574501457036
1129,1.9842294026287508,15.356229402628712
1130,1.996053456856441,15.371053456856401
1131,2.0,15.377999999999961
1132,1.9960534568566481,15.37705345685661
1133,1.9842294026291645,15.368229402629124
1134,1.9645745014576936,15.351574501457653
1135,1.9371663222576876,15.327166322257646
1136,1.9021130325908424,15.2951130325908
1137,1.8595529717771382,15.255552971777096
1138,1.8096541049327832,15.20865410493274
1139,1.7526133600885798,15.154613360088538
1140,1.688655851004975,15.093655851004934
1141,1.6180339887509443,15.026033988750902
1142,1.5410264855527307,14.952026485552688
1143,1.4579372548440754,14.871937254844031
1144,1.3690942118587064,14.786094211858662
1145,1.2748479794988012,14.694847979498757
1146,1.1755705045864568,14.598570504586412
1147,1.0716535899595643,14.49765358995952
1148,0.9635073482050805,14.392507348205037
1149,0.8515585831318688,14.283558583131823
1150,0.7362491053711475,14.171249105371102
1151,0.6180339887517213,14.056033988751674
1152,0.4973797743315911,13.938379774331544
1153,0.37476262917337905,13.818762629173332
1154,0.25066646713055124,13.697666467130505
1155,0.12558103906060308,13.575581039060555
1156,2.0022584627619593e-12,13.453000000001955
1157,-0.12558103905660645,13.330418960943344
1158,-0.2506664671266065,13.208333532873345
1159,-0.37476262916944547,13.087237370830504
1160,-0.4973797743277124,12.967620225672238
1161,-0.6180339887479399,12.849966011252011
1162,-0.7362491053674242,12.734750894632526
1163,-0.8515585831282455,12.622441416871705
1164,-0.9635073482015714,12.51349265179838
1165,-1.0716535899562072,12.408346410043741
1166,-1.1755705045832172,12.307429495416732
1167,-1.2748479794957157,12.211152020504231
1168,-1.3690942118558078,12.11990578814414
1169,-1.457937254841334,12.034062745158614
1170,-1.541026485550178,11.95397351444977
1171,-1.6180339887485906,11.879966011251357
1172,-1.6886558510028444,11.812344148997104
1173,-1.7526133600866507,11.751386639913296
1174,-1.8096541049310781,11.697345895068867
1175,-1.8595529717756745,11.65044702822427
1176,-1.902113032589605,11.61088696741034
1177,-1.9371663222566917,11.578833677743253
1178,-1.9645745014569433,11.554425498543
1179,-1.9842294026286662,11.53777059737128
1180,-1.9960534568563968,11.52894654314355
1181,-2.0,11.527999999999944
1182,-1.9960534568566906,11.534946543143253
1183,-1.9842294026292526,11.549770597370689
1184,-1.9645745014578255,11.572425498542117
1185,-1.9371663222578555,11.602833677742087
1186,-1.9021130325910511,11.64088696740889
1187,-1.859552971777397,11.686447028222545
1188,-1.8096541049330828,11.73934589506686
1189,-1.7526133600889051,11.799386639911036
1190,-1.6886558510053522,11.866344148994589
1191,-1.618033988751358,11.93996601124858
1192,-1.541026485553161,12.019973514446779
1193,-1.4579372548445377,12.106062745155402
1194,-1.3690942118592193,12.197905788140721
1195,-1.2748479794993433,12.295152020500597
1196,-1.175570504587003,12.397429495412936
1197,-1.0716535899601585,12.50434641003978
1198,-0.9635073482056972,12.615492651794241
1199,-0.8515585831324799,12.730441416867457
1200,-0.7362491053717753,12.84875089462816
1201,-0.6180339887523906,12.969966011247546
1202,-0.49737977433227265,13.093620225667664
1203,-0.37476262917404235,13.219237370825894
1204,-0.2506664671312494,13.346333532868687
1205,-0.12558103906130536,13.47441896093863
1206,-2.677518991093884e-12,13.602999999997259
1207,0.12558103905593254,13.731581039055866
1208,0.25066646712590834,13.859666467125843
1209,0.37476262916875425,13.98676262916869
1210,0.4973797743270583,14.112379774326993
1211,0.6180339887472707,14.236033988747206
1212,0.7362491053667699,14.357249105366705
1213,0.8515585831276344,14.475558583127567
1214,0.9635073482009796,14.590507348200912
1215,1.071653589955613,14.701653589955544
1216,1.175570504582648,14.80857050458258
1217,1.2748479794951952,14.910847979495127
1218,1.369094211855295,15.008094211855227
1219,1.4579372548408525,15.099937254840784
1220,1.5410264855497475,15.186026485549679
1221,1.6180339887481936,15.266033988748124
1222,1.6886558510024674,15.339655851002398
1223,1.7526133600863116,15.40661336008624
1224,1.8096541049307906,15.46665410493072
1225,1.8595529717754153,15.519552971775344
1226,1.9021130325893876,15.565113032589316
1227,1.9371663222565236,15.603166322256453
1228,1.9645745014568168,15.633574501456746
1229,1.9842294026285778,15.656229402628506
1230,1.9960534568563526,15.671053456856281
1231,2.0,15.677999999999926
1232,1.9960534568567347,15.677053456856662
1233,1.9842294026293408,15.668229402629267
1234,1.964574501457952,15.651574501457878
1235,1.9371663222580304,15.627166322257956
1236,1.9021130325912685,15.595113032591195
1237,1.8595529717776562,15.555552971777582
1238,1.8096541049333703,15.508654104933296
1239,1.7526133600892442,15.454613360089168
1240,1.6886558510057292,15.393655851005652
1241,1.6180339887517547,15.326033988751679
1242,1.5410264855536095,15.252026485553534
1243,1.4579372548450193,15.171937254844943
1244,1.3690942118597116,15.086094211859635
1245,1.2748479794998637,14.994847979499786
1246,1.1755705045875724,14.898570504587495
1247,1.0716535899607527,14.797653589960674
1248,0.9635073482062889,14.69250734820621
1249,0.8515585831331166,14.583558583133037
1250,0.7362491053724296,14.471249105372351
1251,0.6180339887530328,14.356033988752955
1252,0.49737977433292674,14.238379774332849
1253,0.3747626291747336,14.118762629174654
1254,0.2506664671319475,13.997666467131868
1255,0.1255810390619793,13.875581039061897
1256,3.3812012288562127e-12,13.753000000003299
1257,-0.12558103905523024,13.630418960944688
1258,-0.25066646712523843,13.50833353287468
1259,-0.37476262916809094,13.387237370831828
1260,-0.49737977432637676,13.267620225673543
1261,-0.6180339887466014,13.149966011253316
1262,-0.7362491053661421,13.034750894633776
1263,-0.8515585831269978,12.922441416872918
1264,-0.9635073482003629,12.813492651799553
1265,-1.071653589955043,12.708346410044873
1266,-1.1755705045821014,12.607429495417815
1267,-1.2748479794946532,12.511152020505262
1268,-1.369094211854782,12.419905788145135
1269,-1.4579372548403902,12.334062745159525
1270,-1.541026485549299,12.253973514450616
1271,-1.61803398874778,12.179966011252134
1272,-1.6886558510021057,12.112344148997808
1273,-1.7526133600859863,12.051386639913927
1274,-1.809654104930491,11.997345895069422
1275,-1.8595529717751564,11.950447028224756
1276,-1.9021130325891789,11.910886967410734
1277,-1.9371663222563487,11.878833677743563
1278,-1.9645745014566849,11.854425498543227
1279,-1.9842294026284932,11.837770597371417
1280,-1.9960534568563102,11.8289465431436
1281,-2.0,11.82799999999991
1282,-1.996053456856779,11.834946543143133
1283,-1.9842294026294256,11.849770597370485
1284,-1.964574501458084,11.872425498541826
1285,-1.9371663222582054,11.902833677741704
1286,-1.9021130325914772,11.940886967408431
1287,-1.8595529717779047,11.986447028222003
1288,-1.8096541049336698,12.039345895066237
1289,-1.752613360089583,12.099386639910325
1290,-1.688655851006091,12.166344148993817
1291,-1.6180339887521684,12.23996601124774
1292,-1.541026485554058,12.31997351444585
1293,-1.4579372548454816,12.406062745154426
1294,-1.3690942118602245,12.497905788139683
1295,-1.2748479795004057,12.5951520204995
1296,-1.1755705045881417,12.697429495411763
1297,-1.0716535899613229,12.804346410038583
1298,-0.9635073482069055,12.915492651793
1299,-0.8515585831337533,13.030441416866152
1300,-0.7362491053730574,13.148750894626849
1301,-0.6180339887537021,13.269966011246202
1302,-0.4973797743336083,13.393620225666297
1303,-0.3747626291754248,13.519237370824477
1304,-0.2506664671326174,13.646333532867285
1305,-0.1255810390626816,13.77441896093722
1306,-4.084883466618541e-12,13.902999999995817
1307,0.1255810390545563,14.031581039054458
1308,0.2506664671245403,14.159666467124444
1309,0.3747626291673997,14.2867626291673
1310,0.4973797743257227,14.412379774325624
1311,0.6180339887459592,14.536033988745858
1312,0.7362491053654878,14.657249105365388
1313,0.8515585831263611,14.77555858312626
1314,0.9635073481997712,14.890507348199671
1315,1.0716535899544488,15.00165358995435
1316,1.1755705045815323,15.108570504581433
1317,1.2748479794941328,15.210847979494032
1318,1.3690942118542897,15.308094211854188
1319,1.4579372548399085,15.399937254839806
1320,1.5410264855488505,15.486026485548749
1321,1.6180339887473831,15.56603398874728
1322,1.6886558510017287,15.639655851001626
1323,1.7526133600856473,15.706613360085544
1324,1.8096541049302035,15.766654104930101
1325,1.8595529717749077,15.819552971774804
1326,1.9021130325889615,15.865113032588857
1327,1.9371663222561737,15.903166322256068
1328,1.9645745014565583,15.933574501456453
1329,1.984229402628405,15.9562294026283
1330,1.996053456856266,15.971053456856161
1331,2.0,15.977999999999895
1332,1.9960534568568213,15.977053456856716
1333,1.9842294026295137,15.968229402629408
1334,1.9645745014582159,15.95157450145811
1335,1.9371663222583735,15.927166322258266
1336,1.9021130325916946,15.895113032591587
1337,1.8595529717781638,15.855552971778057
1338,1.8096541049339574,15.808654104933849
1339,1.7526133600899083,15.7546133600898
1340,1.688655851006468,15.69365585100636
1341,1.618033988752582,15.626033988752473
1342,1.5410264855544886,15.552026485554379
1343,1.4579372548459633,15.471937254845852
1344,1.3690942118607374,15.386094211860627
1345,1.2748479795009262,15.294847979500815
1346,1.175570504588688,15.198570504588577
1347,1.0716535899619168,15.097653589961807
1348,0.9635073482075222,14.992507348207411
1349,0.8515585831343643,14.883558583134253
1350,0.7362491053737117,14.7712491053736
1351,0.6180339887543713,14.656033988754258
1352,0.49737977433426234,14.53837977433415
1353,0.3747626291760881,14.418762629175975
1354,0.2506664671333156,14.297666467133203
1355,0.1255810390633839,14.175581039063271
1356,4.760143994950466e-12,14.053000000004648
1357,-0.125581039053854,13.930418960946032
1358,-0.25066646712384216,13.808333532876043
1359,-0.3747626291667364,13.687237370833147
1360,-0.49737977432504116,13.567620225674842
1361,-0.6180339887452899,13.449966011254594
1362,-0.7362491053648336,13.33475089463505
1363,-0.8515585831257501,13.222441416874135
1364,-0.9635073481991545,13.11349265180073
1365,-1.0716535899538546,13.008346410046029
1366,-1.1755705045809859,12.907429495418898
1367,-1.2748479794935905,12.811152020506292
1368,-1.3690942118537768,12.719905788146104
1369,-1.4579372548394463,12.634062745160435
1370,-1.5410264855484201,12.553973514451462
1371,-1.6180339887469695,12.479966011252912
1372,-1.6886558510013516,12.41234414899853
1373,-1.752613360085322,12.351386639914558
1374,-1.809654104929904,12.297345895069977
1375,-1.8595529717746486,12.25044702822523
1376,-1.9021130325887528,12.210886967411126
1377,-1.9371663222560058,12.178833677743873
1378,-1.9645745014564264,12.154425498543453
1379,-1.984229402628317,12.137770597371562
1380,-1.9960534568562236,12.128946543143655
1381,-2.0,12.127999999999878
1382,-1.9960534568568655,12.134946543143013
1383,-1.9842294026295983,12.149770597370278
1384,-1.9645745014583422,12.172425498541534
1385,-1.9371663222585485,12.202833677741328
1386,-1.902113032591912,12.240886967407965
1387,-1.8595529717784125,12.286447028221463
1388,-1.8096541049342572,12.33934589506562
1389,-1.7526133600902474,12.399386639909627
1390,-1.68865585100683,12.466344148993045
1391,-1.6180339887529789,12.539966011246895
1392,-1.5410264855549372,12.619973514444936
1393,-1.457937254846445,12.706062745153428
1394,-1.3690942118612297,12.797905788138644
1395,-1.2748479795014684,12.895152020498406
1396,-1.1755705045892573,12.997429495410616
1397,-1.071653589962487,13.104346410037385
1398,-0.9635073482081139,13.215492651791758
1399,-0.851558583135001,13.33044141686487
1400,-0.736249105374366,13.448750894625505
1401,-0.6180339887550135,13.569966011244858
1402,-0.4973797743349439,13.693620225664928
1403,-0.3747626291767793,13.819237370823092
1404,-0.2506664671339855,13.946333532865886
1405,-0.12558103906405782,14.074418960935812
1406,-5.463826232712794e-12,14.202999999994406
1407,0.1255810390531517,14.33158103905302
1408,0.25066646712317225,14.459666467123041
1409,0.3747626291660452,14.586762629165914
1410,0.4973797743243596,14.712379774324228
1411,0.6180339887446478,14.836033988744516
1412,0.7362491053642057,14.957249105364074
1413,0.8515585831251133,15.07555858312498
1414,0.9635073481985379,15.190507348198405
1415,1.0716535899532846,15.30165358995315
1416,1.1755705045804166,15.408570504580283
1417,1.2748479794930485,15.510847979492913
1418,1.3690942118532845,15.60809421185315
1419,1.4579372548389644,15.69993725483883
1420,1.5410264855479716,15.786026485547838
1421,1.6180339887465558,15.86603398874642
1422,1.6886558510009897,15.939655851000854
1423,1.752613360084983,16.006613360084845
1424,1.8096541049296044,16.066654104929466
1425,1.8595529717744002,16.11955297177426
1426,1.9021130325885354,16.165113032588398
1427,1.9371663222558309,16.203166322255694
1428,1.9645745014563,16.233574501456165
1429,1.9842294026282323,16.256229402628094
1430,1.9960534568561794,16.27105345685604
1431,2.0,16.27799999999986
1432,1.996053456856908,16.27705345685677
1433,1.9842294026296865,16.268229402629547
1434,1.9645745014584741,16.251574501458336
1435,1.9371663222587163,16.227166322258576
1436,1.9021130325921207,16.19511303259198
1437,1.8595529717786714,16.15555297177853
1438,1.8096541049345567,16.108654104934416
1439,1.7526133600905727,16.05461336009043
1440,1.688655851007207,15.993655851007064
